State,Style,beers,beer total for state,beer % overall by state,beer % of overall total,comparisong between state and overall %
AR,American Pale Ale (APA),1,1,100.00%,10.89%,89.11%
DE,American Pale Ale (APA),1,1,100.00%,10.89%,89.11%
NH,American IPA,1,2,50.00%,21.42%,28.58%
NH,American Pilsner,1,2,50.00%,1.00%,49.00%
WV,American Black Ale,1,2,50.00%,1.42%,48.58%
WV,American Pale Ale (APA),1,2,50.00%,10.89%,39.11%
FL,American IPA,17,37,45.95%,21.42%,24.52%
ME,American IPA,3,7,42.86%,21.42%,21.43%
TN,American IPA,2,5,40.00%,21.42%,18.58%
WA,American IPA,17,43,39.53%,21.42%,18.11%
NJ,American IPA,3,8,37.50%,21.42%,16.08%
AK,American IPA,6,17,35.29%,21.42%,13.87%
ID,American IPA,6,17,35.29%,21.42%,13.87%
CT,American Double / Imperial IPA,2,6,33.33%,5.34%,28.00%
ND,American IPA,1,3,33.33%,21.42%,11.91%
ND,American Pale Ale (APA),1,3,33.33%,10.89%,22.44%
ND,Scottish Ale,1,3,33.33%,0.78%,32.55%
NE,Extra Special / Strong Bitter (ESB),3,9,33.33%,1.00%,32.34%
NM,American IPA,2,6,33.33%,21.42%,11.91%
MI,American IPA,12,38,31.58%,21.42%,10.16%
MD,American IPA,3,10,30.00%,21.42%,8.58%
GA,American Brown Ale,2,7,28.57%,2.70%,25.87%
GA,American IPA,2,7,28.57%,21.42%,7.15%
CA,American IPA,38,135,28.15%,21.42%,6.72%
OK,American Amber / Red Ale,3,11,27.27%,5.48%,21.79%
OK,American Blonde Ale,3,11,27.27%,4.34%,22.93%
UT,American IPA,3,11,27.27%,21.42%,5.85%
MT,American IPA,6,23,26.09%,21.42%,4.66%
VA,American IPA,9,35,25.71%,21.42%,4.29%
MA,American IPA,13,51,25.49%,21.42%,4.07%
DC,American Blonde Ale,1,4,25.00%,4.34%,20.66%
DC,American Double / Imperial IPA,1,4,25.00%,5.34%,19.66%
DC,American IPA,1,4,25.00%,21.42%,3.58%
DC,Hefeweizen,1,4,25.00%,1.92%,23.08%
MO,American IPA,7,29,24.14%,21.42%,2.71%
AL,American IPA,2,9,22.22%,21.42%,0.80%
AL,American Pale Ale (APA),2,9,22.22%,10.89%,11.33%
HI,American Amber / Red Lager,4,18,22.22%,1.14%,21.08%
HI,American IPA,4,18,22.22%,21.42%,0.80%
NE,American Pale Ale (APA),2,9,22.22%,10.89%,11.33%
OH,American Pale Ale (APA),7,32,21.88%,10.89%,10.99%
OR,American IPA,19,87,21.84%,21.42%,0.42%
AZ,American IPA,5,24,20.83%,21.42%,-0.59%
LA,American IPA,2,10,20.00%,21.42%,-1.42%
LA,American Pale Ale (APA),2,10,20.00%,10.89%,9.11%
LA,Fruit / Vegetable Beer,2,10,20.00%,2.14%,17.86%
NC,American Pale Ale (APA),6,30,20.00%,10.89%,9.11%
SC,American IPA,1,5,20.00%,21.42%,-1.42%
SC,American Porter,1,5,20.00%,2.78%,17.22%
SC,Belgian Pale Ale,1,5,20.00%,0.57%,19.43%
SC,Gose,1,5,20.00%,0.50%,19.50%
SC,Witbier,1,5,20.00%,1.71%,18.29%
TN,American Pale Ale (APA),1,5,20.00%,10.89%,9.11%
TN,American Pilsner,1,5,20.00%,1.00%,19.00%
TN,Czech Pilsener,1,5,20.00%,1.14%,18.86%
VA,American Pale Ale (APA),7,35,20.00%,10.89%,9.11%
IN,American IPA,18,91,19.78%,21.42%,-1.64%
MN,American IPA,9,46,19.57%,21.42%,-1.86%
PA,American IPA,9,47,19.15%,21.42%,-2.27%
OH,American IPA,6,32,18.75%,21.42%,-2.67%
MS,American Blonde Ale,2,11,18.18%,4.34%,13.84%
MS,American IPA,2,11,18.18%,21.42%,-3.24%
MS,American Pale Ale (APA),2,11,18.18%,10.89%,7.29%
OK,American IPA,2,11,18.18%,21.42%,-3.24%
UT,American Double / Imperial IPA,2,11,18.18%,5.34%,12.84%
UT,American Pale Ale (APA),2,11,18.18%,10.89%,7.29%
ID,American Pale Ale (APA),3,17,17.65%,10.89%,6.76%
VT,American Double / Imperial IPA,3,17,17.65%,5.34%,12.31%
VT,Fruit / Vegetable Beer,3,17,17.65%,2.14%,15.51%
NY,American IPA,8,46,17.39%,21.42%,-4.03%
CO,American Pale Ale (APA),25,146,17.12%,10.89%,6.23%
CT,American Blonde Ale,1,6,16.67%,4.34%,12.33%
CT,American IPA,1,6,16.67%,21.42%,-4.76%
CT,Berliner Weissbier,1,6,16.67%,0.36%,16.31%
CT,Fruit / Vegetable Beer,1,6,16.67%,2.14%,14.53%
NC,American IPA,5,30,16.67%,21.42%,-4.76%
NM,American Amber / Red Ale,1,6,16.67%,5.48%,11.19%
NM,American Black Ale,1,6,16.67%,1.42%,15.24%
NM,Hefeweizen,1,6,16.67%,1.92%,14.74%
NM,Saison / Farmhouse Ale,1,6,16.67%,1.64%,15.03%
WI,American Adjunct Lager,7,42,16.67%,0.78%,15.88%
WI,American IPA,7,42,16.67%,21.42%,-4.76%
WY,American Amber / Red Ale,2,12,16.67%,5.48%,11.19%
WY,American IPA,2,12,16.67%,21.42%,-4.76%
WY,American Pale Ale (APA),2,12,16.67%,10.89%,5.78%
WY,English Brown Ale,2,12,16.67%,0.71%,15.95%
WA,American Pale Ale (APA),7,43,16.28%,10.89%,5.39%
OR,American Pale Wheat Ale,14,87,16.09%,4.34%,11.75%
KS,American IPA,3,19,15.79%,21.42%,-5.63%
KS,American Pale Wheat Ale,3,19,15.79%,4.34%,11.45%
CO,American IPA,23,146,15.75%,21.42%,-5.67%
IL,American Pale Ale (APA),6,39,15.38%,10.89%,4.49%
GA,American Blonde Ale,1,7,14.29%,4.34%,9.94%
GA,American Pale Ale (APA),1,7,14.29%,10.89%,3.40%
GA,German Pilsener,1,7,14.29%,1.21%,13.08%
KY,American Double / Imperial IPA,2,14,14.29%,5.34%,8.95%
KY,American IPA,2,14,14.29%,21.42%,-7.14%
ME,American Amber / Red Ale,1,7,14.29%,5.48%,8.81%
ME,American Pale Ale (APA),1,7,14.29%,10.89%,3.40%
ME,American Pale Wheat Ale,1,7,14.29%,4.34%,9.94%
ME,Hefeweizen,1,7,14.29%,1.92%,12.36%
MO,American Pale Wheat Ale,4,29,13.79%,4.34%,9.45%
MT,American Brown Ale,3,23,13.04%,2.70%,10.34%
MT,American Pale Wheat Ale,3,23,13.04%,4.34%,8.70%
IL,American IPA,5,39,12.82%,21.42%,-8.60%
AZ,American Pale Ale (APA),3,24,12.50%,10.89%,1.61%
AZ,American Porter,3,24,12.50%,2.78%,9.72%
NJ,American Black Ale,1,8,12.50%,1.42%,11.08%
NJ,American Double / Imperial IPA,1,8,12.50%,5.34%,7.16%
NJ,Berliner Weissbier,1,8,12.50%,0.36%,12.14%
NJ,Irish Dry Stout,1,8,12.50%,0.21%,12.29%
NJ,Witbier,1,8,12.50%,1.71%,10.79%
NV,American Adjunct Lager,1,8,12.50%,0.78%,11.72%
NV,American Amber / Red Ale,1,8,12.50%,5.48%,7.02%
NV,American Black Ale,1,8,12.50%,1.42%,11.08%
NV,American Double / Imperial IPA,1,8,12.50%,5.34%,7.16%
NV,American Pale Ale (APA),1,8,12.50%,10.89%,1.61%
NV,Hefeweizen,1,8,12.50%,1.92%,10.58%
NV,Herbed / Spiced Beer,1,8,12.50%,0.36%,12.14%
NV,Schwarzbier,1,8,12.50%,0.28%,12.22%
OH,American Amber / Red Ale,4,32,12.50%,5.48%,7.02%
IA,American Brown Ale,3,25,12.00%,2.70%,9.30%
IA,American Pale Ale (APA),3,25,12.00%,10.89%,1.11%
IA,Irish Red Ale,3,25,12.00%,0.57%,11.43%
AK,American Blonde Ale,2,17,11.76%,4.34%,7.42%
AK,American Pale Ale (APA),2,17,11.76%,10.89%,0.88%
VT,Altbier,2,17,11.76%,0.57%,11.20%
OR,American Pale Ale (APA),10,87,11.49%,10.89%,0.60%
AL,American Brown Ale,1,9,11.11%,2.70%,8.41%
AL,American Double / Imperial IPA,1,9,11.11%,5.34%,5.77%
AL,Kölsch,1,9,11.11%,1.92%,9.19%
AL,Milk / Sweet Stout,1,9,11.11%,0.43%,10.68%
AL,Oatmeal Stout,1,9,11.11%,0.78%,10.33%
HI,American Amber / Red Ale,2,18,11.11%,5.48%,5.63%
HI,American Porter,2,18,11.11%,2.78%,8.34%
NE,American IPA,1,9,11.11%,21.42%,-10.31%
NE,English Brown Ale,1,9,11.11%,0.71%,10.40%
NE,Hefeweizen,1,9,11.11%,1.92%,9.19%
NE,Pumpkin Ale,1,9,11.11%,0.78%,10.33%
KS,American Brown Ale,2,19,10.53%,2.70%,7.82%
KS,Milk / Sweet Stout,2,19,10.53%,0.43%,10.10%
KS,Saison / Farmhouse Ale,2,19,10.53%,1.64%,8.89%
MO,American Blonde Ale,3,29,10.34%,4.34%,6.00%
OR,American Amber / Red Ale,9,87,10.34%,5.48%,4.86%
IL,American Double / Imperial IPA,4,39,10.26%,5.34%,4.92%
IL,American Pale Wheat Ale,4,39,10.26%,4.34%,5.91%
TX,American Blonde Ale,9,89,10.11%,4.34%,5.77%
TX,American IPA,9,89,10.11%,21.42%,-11.31%
TX,American Pale Ale (APA),9,89,10.11%,10.89%,-0.78%
LA,American Amber / Red Ale,1,10,10.00%,5.48%,4.52%
LA,American Amber / Red Lager,1,10,10.00%,1.14%,8.86%
LA,American Blonde Ale,1,10,10.00%,4.34%,5.66%
LA,American Porter,1,10,10.00%,2.78%,7.22%
MD,American Blonde Ale,1,10,10.00%,4.34%,5.66%
MD,American Double / Imperial IPA,1,10,10.00%,5.34%,4.66%
MD,American Pale Lager,1,10,10.00%,1.14%,8.86%
MD,American Porter,1,10,10.00%,2.78%,7.22%
MD,Gose,1,10,10.00%,0.50%,9.50%
MD,Märzen / Oktoberfest,1,10,10.00%,1.49%,8.51%
MD,Rye Beer,1,10,10.00%,0.64%,9.36%
RI,American Amber / Red Ale,2,20,10.00%,5.48%,4.52%
RI,American Pale Ale (APA),2,20,10.00%,10.89%,-0.89%
RI,American Pale Wheat Ale,2,20,10.00%,4.34%,5.66%
RI,American Porter,2,20,10.00%,2.78%,7.22%
RI,Cream Ale,2,20,10.00%,1.28%,8.72%
CA,American Pale Ale (APA),13,135,9.63%,10.89%,-1.26%
WI,American Amber / Red Ale,4,42,9.52%,5.48%,4.04%
WI,American Pale Wheat Ale,4,42,9.52%,4.34%,5.18%
WI,Vienna Lager,4,42,9.52%,1.00%,8.53%
WA,American Amber / Red Ale,4,43,9.30%,5.48%,3.82%
MS,American Amber / Red Ale,1,11,9.09%,5.48%,3.61%
MS,Belgian Pale Ale,1,11,9.09%,0.57%,8.52%
MS,English Dark Mild Ale,1,11,9.09%,0.14%,8.95%
MS,Extra Special / Strong Bitter (ESB),1,11,9.09%,1.00%,8.09%
MS,Oatmeal Stout,1,11,9.09%,0.78%,8.31%
OK,American Dark Wheat Ale,1,11,9.09%,0.36%,8.74%
OK,American Pale Wheat Ale,1,11,9.09%,4.34%,4.75%
OK,American Strong Ale,1,11,9.09%,0.85%,8.24%
UT,American Amber / Red Lager,1,11,9.09%,1.14%,7.95%
UT,American Blonde Ale,1,11,9.09%,4.34%,4.75%
UT,Pumpkin Ale,1,11,9.09%,0.78%,8.31%
UT,Schwarzbier,1,11,9.09%,0.28%,8.81%
TX,American Double / Imperial IPA,8,89,8.99%,5.34%,3.65%
IN,American Pale Ale (APA),8,91,8.79%,10.89%,-2.10%
MN,American Pale Ale (APA),4,46,8.70%,10.89%,-2.19%
MT,American Pale Lager,2,23,8.70%,1.14%,7.56%
MT,American Porter,2,23,8.70%,2.78%,5.92%
MT,English Pale Ale,2,23,8.70%,0.36%,8.34%
MT,Scotch Ale / Wee Heavy,2,23,8.70%,0.93%,7.77%
AZ,American Amber / Red Ale,2,24,8.33%,5.48%,2.85%
AZ,Fruit / Vegetable Beer,2,24,8.33%,2.14%,6.20%
AZ,Hefeweizen,2,24,8.33%,1.92%,6.41%
WY,American Brown Ale,1,12,8.33%,2.70%,5.63%
WY,American Pale Wheat Ale,1,12,8.33%,4.34%,3.99%
WY,Foreign / Export Stout,1,12,8.33%,0.21%,8.12%
WY,Vienna Lager,1,12,8.33%,1.00%,7.34%
FL,American Pale Ale (APA),3,37,8.11%,10.89%,-2.78%
IA,American IPA,2,25,8.00%,21.42%,-13.42%
IA,American Stout,2,25,8.00%,1.14%,6.86%
IA,Rye Beer,2,25,8.00%,0.64%,7.36%
MI,American Blonde Ale,3,38,7.89%,4.34%,3.55%
MI,American Pale Ale (APA),3,38,7.89%,10.89%,-2.99%
MI,American Porter,3,38,7.89%,2.78%,5.12%
CO,American Double / Imperial IPA,11,146,7.53%,5.34%,2.20%
CA,American Double / Imperial IPA,10,135,7.41%,5.34%,2.07%
KY,American Brown Ale,1,14,7.14%,2.70%,4.44%
KY,American Pale Ale (APA),1,14,7.14%,10.89%,-3.75%
KY,American Pilsner,1,14,7.14%,1.00%,6.15%
KY,Belgian Pale Ale,1,14,7.14%,0.57%,6.57%
KY,English Barleywine,1,14,7.14%,0.21%,6.93%
KY,English Brown Ale,1,14,7.14%,0.71%,6.43%
KY,German Pilsener,1,14,7.14%,1.21%,5.93%
KY,Milk / Sweet Stout,1,14,7.14%,0.43%,6.72%
KY,Pumpkin Ale,1,14,7.14%,0.78%,6.36%
KY,Saison / Farmhouse Ale,1,14,7.14%,1.64%,5.51%
MO,Chile Beer,2,29,6.90%,0.14%,6.75%
MO,Fruit / Vegetable Beer,2,29,6.90%,2.14%,4.76%
MO,Munich Helles Lager,2,29,6.90%,0.85%,6.04%
CO,American Amber / Red Ale,10,146,6.85%,5.48%,1.37%
CA,American Amber / Red Ale,9,135,6.67%,5.48%,1.19%
NC,American Double / Imperial IPA,2,30,6.67%,5.34%,1.33%
NC,American Porter,2,30,6.67%,2.78%,3.89%
NC,Kölsch,2,30,6.67%,1.92%,4.74%
IN,American Porter,6,91,6.59%,2.78%,3.82%
MN,American Black Ale,3,46,6.52%,1.42%,5.10%
MN,American Double / Imperial IPA,3,46,6.52%,5.34%,1.18%
MN,Extra Special / Strong Bitter (ESB),3,46,6.52%,1.00%,5.53%
MN,German Pilsener,3,46,6.52%,1.21%,5.31%
NY,American Blonde Ale,3,46,6.52%,4.34%,2.18%
NY,American Pale Ale (APA),3,46,6.52%,10.89%,-4.37%
NY,Cream Ale,3,46,6.52%,1.28%,5.24%
PA,American Brown Ale,3,47,6.38%,2.70%,3.68%
OH,American Blonde Ale,2,32,6.25%,4.34%,1.91%
AK,Altbier,1,17,5.88%,0.57%,5.31%
AK,American Amber / Red Ale,1,17,5.88%,5.48%,0.40%
AK,American Brown Ale,1,17,5.88%,2.70%,3.18%
AK,Hefeweizen,1,17,5.88%,1.92%,3.96%
AK,Irish Dry Stout,1,17,5.88%,0.21%,5.67%
AK,Irish Red Ale,1,17,5.88%,0.57%,5.31%
AK,Witbier,1,17,5.88%,1.71%,4.17%
ID,American Amber / Red Ale,1,17,5.88%,5.48%,0.40%
ID,American Barleywine,1,17,5.88%,0.14%,5.74%
ID,American Blonde Ale,1,17,5.88%,4.34%,1.54%
ID,American Brown Ale,1,17,5.88%,2.70%,3.18%
ID,American Pale Wheat Ale,1,17,5.88%,4.34%,1.54%
ID,American Pilsner,1,17,5.88%,1.00%,4.89%
ID,American Strong Ale,1,17,5.88%,0.85%,5.03%
ID,Cream Ale,1,17,5.88%,1.28%,4.60%
MA,American Amber / Red Ale,3,51,5.88%,5.48%,0.40%
MA,American Double / Imperial IPA,3,51,5.88%,5.34%,0.54%
MA,American India Pale Lager,3,51,5.88%,0.21%,5.67%
MA,Kölsch,3,51,5.88%,1.92%,3.96%
MA,Märzen / Oktoberfest,3,51,5.88%,1.49%,4.39%
MA,Pumpkin Ale,3,51,5.88%,0.78%,5.10%
MA,Vienna Lager,3,51,5.88%,1.00%,4.89%
VT,American Amber / Red Ale,1,17,5.88%,5.48%,0.40%
VT,American IPA,1,17,5.88%,21.42%,-15.54%
VT,American Pale Ale (APA),1,17,5.88%,10.89%,-5.01%
VT,American Porter,1,17,5.88%,2.78%,3.11%
VT,American White IPA,1,17,5.88%,0.43%,5.46%
VT,English India Pale Ale (IPA),1,17,5.88%,0.50%,5.38%
VT,German Pilsener,1,17,5.88%,1.21%,4.67%
VT,Gose,1,17,5.88%,0.50%,5.38%
VT,Hefeweizen,1,17,5.88%,1.92%,3.96%
OR,American Double / Imperial IPA,5,87,5.75%,5.34%,0.41%
VA,Altbier,2,35,5.71%,0.57%,5.14%
VA,Kölsch,2,35,5.71%,1.92%,3.79%
TX,Saison / Farmhouse Ale,5,89,5.62%,1.64%,3.98%
HI,American Blonde Ale,1,18,5.56%,4.34%,1.21%
HI,American Brown Ale,1,18,5.56%,2.70%,2.85%
HI,American Pale Ale (APA),1,18,5.56%,10.89%,-5.33%
HI,American Pale Wheat Ale,1,18,5.56%,4.34%,1.21%
HI,Munich Helles Lager,1,18,5.56%,0.85%,4.70%
HI,Witbier,1,18,5.56%,1.71%,3.85%
IN,American Blonde Ale,5,91,5.49%,4.34%,1.15%
IN,Scotch Ale / Wee Heavy,5,91,5.49%,0.93%,4.57%
FL,American Amber / Red Ale,2,37,5.41%,5.48%,-0.08%
FL,American Blonde Ale,2,37,5.41%,4.34%,1.06%
FL,American Brown Ale,2,37,5.41%,2.70%,2.70%
FL,Witbier,2,37,5.41%,1.71%,3.70%
KS,American Double / Imperial IPA,1,19,5.26%,5.34%,-0.07%
KS,American Porter,1,19,5.26%,2.78%,2.49%
KS,English Pale Mild Ale,1,19,5.26%,0.07%,5.19%
KS,Extra Special / Strong Bitter (ESB),1,19,5.26%,1.00%,4.27%
KS,German Pilsener,1,19,5.26%,1.21%,4.05%
KS,Oatmeal Stout,1,19,5.26%,0.78%,4.48%
KS,Tripel,1,19,5.26%,0.28%,4.98%
MI,American Amber / Red Ale,2,38,5.26%,5.48%,-0.22%
MI,American Pale Lager,2,38,5.26%,1.14%,4.12%
MI,American Pale Wheat Ale,2,38,5.26%,4.34%,0.92%
MI,Munich Helles Lager,2,38,5.26%,0.85%,4.41%
IL,Abbey Single Ale,2,39,5.13%,0.14%,4.99%
IL,American Dark Wheat Ale,2,39,5.13%,0.36%,4.77%
IL,Herbed / Spiced Beer,2,39,5.13%,0.36%,4.77%
IL,Märzen / Oktoberfest,2,39,5.13%,1.49%,3.63%
IL,Witbier,2,39,5.13%,1.71%,3.42%
RI,American Double / Imperial IPA,1,20,5.00%,5.34%,-0.34%
RI,American IPA,1,20,5.00%,21.42%,-16.42%
RI,American Pilsner,1,20,5.00%,1.00%,4.00%
RI,Bock,1,20,5.00%,0.21%,4.79%
RI,German Pilsener,1,20,5.00%,1.21%,3.79%
RI,Kölsch,1,20,5.00%,1.92%,3.08%
RI,Light Lager,1,20,5.00%,0.21%,4.79%
RI,Märzen / Oktoberfest,1,20,5.00%,1.49%,3.51%
RI,Milk / Sweet Stout,1,20,5.00%,0.43%,4.57%
RI,Witbier,1,20,5.00%,1.71%,3.29%
WI,American Black Ale,2,42,4.76%,1.42%,3.34%
WI,American Pale Ale (APA),2,42,4.76%,10.89%,-6.13%
WI,Märzen / Oktoberfest,2,42,4.76%,1.49%,3.27%
WI,Munich Helles Lager,2,42,4.76%,0.85%,3.91%
WA,American Pilsner,2,43,4.65%,1.00%,3.65%
WA,English Pale Ale,2,43,4.65%,0.36%,4.30%
WA,Hefeweizen,2,43,4.65%,1.92%,2.73%
WA,Saison / Farmhouse Ale,2,43,4.65%,1.64%,3.01%
OR,American Blonde Ale,4,87,4.60%,4.34%,0.26%
TX,American Amber / Red Ale,4,89,4.49%,5.48%,-0.99%
TX,Witbier,4,89,4.49%,1.71%,2.79%
CA,Cream Ale,6,135,4.44%,1.28%,3.16%
IN,Dortmunder / Export Lager,4,91,4.40%,0.36%,4.04%
IN,Fruit / Vegetable Beer,4,91,4.40%,2.14%,2.26%
MN,American Brown Ale,2,46,4.35%,2.70%,1.64%
MN,American Pale Wheat Ale,2,46,4.35%,4.34%,0.01%
MN,Rye Beer,2,46,4.35%,0.64%,3.71%
MN,Saison / Farmhouse Ale,2,46,4.35%,1.64%,2.71%
MT,American Pale Ale (APA),1,23,4.35%,10.89%,-6.54%
MT,English Strong Ale,1,23,4.35%,0.21%,4.13%
MT,Hefeweizen,1,23,4.35%,1.92%,2.43%
NY,American Brown Ale,2,46,4.35%,2.70%,1.64%
NY,American Double / Imperial IPA,2,46,4.35%,5.34%,-0.99%
NY,American Pale Wheat Ale,2,46,4.35%,4.34%,0.01%
NY,American Strong Ale,2,46,4.35%,0.85%,3.49%
NY,Baltic Porter,2,46,4.35%,0.21%,4.13%
NY,English India Pale Ale (IPA),2,46,4.35%,0.50%,3.85%
NY,German Pilsener,2,46,4.35%,1.21%,3.14%
NY,Rye Beer,2,46,4.35%,0.64%,3.71%
PA,American Amber / Red Ale,2,47,4.26%,5.48%,-1.23%
PA,American Double / Imperial IPA,2,47,4.26%,5.34%,-1.08%
PA,Fruit / Vegetable Beer,2,47,4.26%,2.14%,2.12%
PA,Kölsch,2,47,4.26%,1.92%,2.33%
PA,Saison / Farmhouse Ale,2,47,4.26%,1.64%,2.62%
PA,Tripel,2,47,4.26%,0.28%,3.97%
PA,Winter Warmer,2,47,4.26%,0.57%,3.69%
AZ,,1,24,4.17%,0.00%,4.17%
AZ,American Blonde Ale,1,24,4.17%,4.34%,-0.17%
AZ,American Double / Imperial IPA,1,24,4.17%,5.34%,-1.17%
AZ,American Pilsner,1,24,4.17%,1.00%,3.17%
AZ,Kölsch,1,24,4.17%,1.92%,2.24%
AZ,Scottish Ale,1,24,4.17%,0.78%,3.38%
AZ,Winter Warmer,1,24,4.17%,0.57%,3.60%
IA,American Amber / Red Ale,1,25,4.00%,5.48%,-1.48%
IA,American Blonde Ale,1,25,4.00%,4.34%,-0.34%
IA,Doppelbock,1,25,4.00%,0.14%,3.86%
IA,Fruit / Vegetable Beer,1,25,4.00%,2.14%,1.86%
IA,German Pilsener,1,25,4.00%,1.21%,2.79%
IA,Märzen / Oktoberfest,1,25,4.00%,1.49%,2.51%
IA,Saison / Farmhouse Ale,1,25,4.00%,1.64%,2.36%
IA,Scottish Ale,1,25,4.00%,0.78%,3.22%
IA,Vienna Lager,1,25,4.00%,1.00%,3.00%
IA,Witbier,1,25,4.00%,1.71%,2.29%
MA,American Pale Ale (APA),2,51,3.92%,10.89%,-6.97%
MA,American Pale Wheat Ale,2,51,3.92%,4.34%,-0.42%
MA,Fruit / Vegetable Beer,2,51,3.92%,2.14%,1.79%
CA,American Blonde Ale,5,135,3.70%,4.34%,-0.64%
CA,Fruit / Vegetable Beer,5,135,3.70%,2.14%,1.57%
CA,Hefeweizen,5,135,3.70%,1.92%,1.78%
CA,Kölsch,5,135,3.70%,1.92%,1.78%
MO,American Amber / Red Ale,1,29,3.45%,5.48%,-2.03%
MO,American Brown Ale,1,29,3.45%,2.70%,0.74%
MO,American Dark Wheat Ale,1,29,3.45%,0.36%,3.09%
MO,American Porter,1,29,3.45%,2.78%,0.67%
MO,Berliner Weissbier,1,29,3.45%,0.36%,3.09%
MO,German Pilsener,1,29,3.45%,1.21%,2.24%
MO,Hefeweizen,1,29,3.45%,1.92%,1.53%
MO,Märzen / Oktoberfest,1,29,3.45%,1.49%,1.95%
MO,Schwarzbier,1,29,3.45%,0.28%,3.16%
OR,American Pale Lager,3,87,3.45%,1.14%,2.31%
OR,American Porter,3,87,3.45%,2.78%,0.67%
OR,American Stout,3,87,3.45%,1.14%,2.31%
OR,American Strong Ale,3,87,3.45%,0.85%,2.59%
CO,American Pale Lager,5,146,3.42%,1.14%,2.29%
CO,Czech Pilsener,5,146,3.42%,1.14%,2.29%
CO,Russian Imperial Stout,5,146,3.42%,0.57%,2.86%
TX,American Brown Ale,3,89,3.37%,2.70%,0.67%
NC,American Amber / Red Ale,1,30,3.33%,5.48%,-2.15%
NC,American Blonde Ale,1,30,3.33%,4.34%,-1.01%
NC,American Brown Ale,1,30,3.33%,2.70%,0.63%
NC,American Pale Wheat Ale,1,30,3.33%,4.34%,-1.01%
NC,Extra Special / Strong Bitter (ESB),1,30,3.33%,1.00%,2.34%
NC,Hefeweizen,1,30,3.33%,1.92%,1.41%
NC,Märzen / Oktoberfest,1,30,3.33%,1.49%,1.84%
NC,Pumpkin Ale,1,30,3.33%,0.78%,2.55%
NC,Russian Imperial Stout,1,30,3.33%,0.57%,2.76%
NC,Scotch Ale / Wee Heavy,1,30,3.33%,0.93%,2.41%
NC,Scottish Ale,1,30,3.33%,0.78%,2.55%
NC,Tripel,1,30,3.33%,0.28%,3.05%
NC,Winter Warmer,1,30,3.33%,0.57%,2.76%
IN,American Double / Imperial IPA,3,91,3.30%,5.34%,-2.04%
IN,Märzen / Oktoberfest,3,91,3.30%,1.49%,1.80%
OH,American Brown Ale,1,32,3.13%,2.70%,0.42%
OH,American Double / Imperial IPA,1,32,3.13%,5.34%,-2.21%
OH,American Pale Wheat Ale,1,32,3.13%,4.34%,-1.22%
OH,American Porter,1,32,3.13%,2.78%,0.35%
OH,American Strong Ale,1,32,3.13%,0.85%,2.27%
OH,American White IPA,1,32,3.13%,0.43%,2.70%
OH,Cream Ale,1,32,3.13%,1.28%,1.84%
OH,English Brown Ale,1,32,3.13%,0.71%,2.41%
OH,Fruit / Vegetable Beer,1,32,3.13%,2.14%,0.99%
OH,Kölsch,1,32,3.13%,1.92%,1.20%
OH,Märzen / Oktoberfest,1,32,3.13%,1.49%,1.63%
OH,Scottish Ale,1,32,3.13%,0.78%,2.34%
OH,Witbier,1,32,3.13%,1.71%,1.42%
CA,American Black Ale,4,135,2.96%,1.42%,1.54%
VA,American Amber / Red Ale,1,35,2.86%,5.48%,-2.62%
VA,American Amber / Red Lager,1,35,2.86%,1.14%,1.72%
VA,American Double / Imperial IPA,1,35,2.86%,5.34%,-2.48%
VA,American Pilsner,1,35,2.86%,1.00%,1.86%
VA,American Stout,1,35,2.86%,1.14%,1.72%
VA,Belgian Pale Ale,1,35,2.86%,0.57%,2.29%
VA,Cream Ale,1,35,2.86%,1.28%,1.58%
VA,Czech Pilsener,1,35,2.86%,1.14%,1.72%
VA,Euro Pale Lager,1,35,2.86%,0.07%,2.79%
VA,Extra Special / Strong Bitter (ESB),1,35,2.86%,1.00%,1.86%
VA,German Pilsener,1,35,2.86%,1.21%,1.65%
VA,Irish Red Ale,1,35,2.86%,0.57%,2.29%
VA,Märzen / Oktoberfest,1,35,2.86%,1.49%,1.36%
VA,Saison / Farmhouse Ale,1,35,2.86%,1.64%,1.22%
VA,Scotch Ale / Wee Heavy,1,35,2.86%,0.93%,1.93%
CO,American Pale Wheat Ale,4,146,2.74%,4.34%,-1.60%
CO,Kölsch,4,146,2.74%,1.92%,0.82%
CO,Scottish Ale,4,146,2.74%,0.78%,1.96%
FL,American Black Ale,1,37,2.70%,1.42%,1.28%
FL,American Pale Wheat Ale,1,37,2.70%,4.34%,-1.64%
FL,American Porter,1,37,2.70%,2.78%,-0.07%
FL,Bock,1,37,2.70%,0.21%,2.49%
FL,Cream Ale,1,37,2.70%,1.28%,1.42%
FL,English Brown Ale,1,37,2.70%,0.71%,1.99%
FL,Fruit / Vegetable Beer,1,37,2.70%,2.14%,0.57%
FL,Irish Red Ale,1,37,2.70%,0.57%,2.13%
FL,Oatmeal Stout,1,37,2.70%,0.78%,1.92%
MI,American Brown Ale,1,38,2.63%,2.70%,-0.07%
MI,American Double / Imperial IPA,1,38,2.63%,5.34%,-2.71%
MI,American Stout,1,38,2.63%,1.14%,1.49%
MI,Czech Pilsener,1,38,2.63%,1.14%,1.49%
MI,Dubbel,1,38,2.63%,0.14%,2.49%
MI,Foreign / Export Stout,1,38,2.63%,0.21%,2.42%
MI,Fruit / Vegetable Beer,1,38,2.63%,2.14%,0.50%
MI,Pumpkin Ale,1,38,2.63%,0.78%,1.85%
MI,Scotch Ale / Wee Heavy,1,38,2.63%,0.93%,1.71%
IL,American Amber / Red Ale,1,39,2.56%,5.48%,-2.92%
IL,American Black Ale,1,39,2.56%,1.42%,1.14%
IL,American Blonde Ale,1,39,2.56%,4.34%,-1.78%
IL,American Porter,1,39,2.56%,2.78%,-0.21%
IL,American Strong Ale,1,39,2.56%,0.85%,1.71%
IL,Berliner Weissbier,1,39,2.56%,0.36%,2.21%
IL,Dortmunder / Export Lager,1,39,2.56%,0.36%,2.21%
IL,Gose,1,39,2.56%,0.50%,2.07%
IL,Hefeweizen,1,39,2.56%,1.92%,0.64%
IL,Oatmeal Stout,1,39,2.56%,0.78%,1.78%
WI,American Amber / Red Lager,1,42,2.38%,1.14%,1.24%
WI,American Blonde Ale,1,42,2.38%,4.34%,-1.96%
WI,American Brown Ale,1,42,2.38%,2.70%,-0.32%
WI,American Double / Imperial IPA,1,42,2.38%,5.34%,-2.96%
WI,American Stout,1,42,2.38%,1.14%,1.24%
WI,Hefeweizen,1,42,2.38%,1.92%,0.46%
WI,Kölsch,1,42,2.38%,1.92%,0.46%
WI,Saison / Farmhouse Ale,1,42,2.38%,1.64%,0.74%
WA,American Amber / Red Lager,1,43,2.33%,1.14%,1.19%
WA,American Blonde Ale,1,43,2.33%,4.34%,-2.02%
WA,American Brown Ale,1,43,2.33%,2.70%,-0.38%
WA,American Double / Imperial IPA,1,43,2.33%,5.34%,-3.01%
WA,American Porter,1,43,2.33%,2.78%,-0.45%
WA,American Stout,1,43,2.33%,1.14%,1.19%
WA,Czech Pilsener,1,43,2.33%,1.14%,1.19%
OR,American Pilsner,2,87,2.30%,1.00%,1.30%
OR,Czech Pilsener,2,87,2.30%,1.14%,1.16%
OR,Hefeweizen,2,87,2.30%,1.92%,0.38%
OR,Radler,2,87,2.30%,0.21%,2.09%
TX,American Amber / Red Lager,2,89,2.25%,1.14%,1.11%
TX,Bière de Garde,2,89,2.25%,0.14%,2.10%
TX,Cream Ale,2,89,2.25%,1.28%,0.97%
TX,Dunkelweizen,2,89,2.25%,0.14%,2.10%
TX,Hefeweizen,2,89,2.25%,1.92%,0.33%
TX,Kölsch,2,89,2.25%,1.92%,0.33%
CA,American Pale Wheat Ale,3,135,2.22%,4.34%,-2.12%
CA,Oatmeal Stout,3,135,2.22%,0.78%,1.44%
CA,Winter Warmer,3,135,2.22%,0.57%,1.65%
CA,Witbier,3,135,2.22%,1.71%,0.51%
IN,American Pale Wheat Ale,2,91,2.20%,4.34%,-2.14%
IN,Belgian Dark Ale,2,91,2.20%,0.21%,1.98%
IN,Czech Pilsener,2,91,2.20%,1.14%,1.06%
IN,English Barleywine,2,91,2.20%,0.21%,1.98%
IN,Russian Imperial Stout,2,91,2.20%,0.57%,1.63%
IN,Scottish Ale,2,91,2.20%,0.78%,1.41%
IN,Witbier,2,91,2.20%,1.71%,0.49%
MN,American Blonde Ale,1,46,2.17%,4.34%,-2.17%
MN,American Porter,1,46,2.17%,2.78%,-0.60%
MN,California Common / Steam Beer,1,46,2.17%,0.14%,2.03%
MN,English Bitter,1,46,2.17%,0.21%,1.96%
MN,English Brown Ale,1,46,2.17%,0.71%,1.46%
MN,English India Pale Ale (IPA),1,46,2.17%,0.50%,1.68%
MN,Fruit / Vegetable Beer,1,46,2.17%,2.14%,0.04%
MN,Keller Bier / Zwickel Bier,1,46,2.17%,0.21%,1.96%
MN,Milk / Sweet Stout,1,46,2.17%,0.43%,1.75%
MN,Oatmeal Stout,1,46,2.17%,0.78%,1.39%
MN,Pumpkin Ale,1,46,2.17%,0.78%,1.39%
MN,Schwarzbier,1,46,2.17%,0.28%,1.89%
MN,Winter Warmer,1,46,2.17%,0.57%,1.60%
NY,American Black Ale,1,46,2.17%,1.42%,0.75%
NY,American Stout,1,46,2.17%,1.14%,1.04%
NY,American White IPA,1,46,2.17%,0.43%,1.75%
NY,Czech Pilsener,1,46,2.17%,1.14%,1.04%
NY,Euro Dark Lager,1,46,2.17%,0.28%,1.89%
NY,Extra Special / Strong Bitter (ESB),1,46,2.17%,1.00%,1.18%
NY,Fruit / Vegetable Beer,1,46,2.17%,2.14%,0.04%
NY,Gose,1,46,2.17%,0.50%,1.68%
NY,Märzen / Oktoberfest,1,46,2.17%,1.49%,0.68%
NY,Munich Helles Lager,1,46,2.17%,0.85%,1.32%
NY,Pumpkin Ale,1,46,2.17%,0.78%,1.39%
NY,Saison / Farmhouse Ale,1,46,2.17%,1.64%,0.54%
NY,Vienna Lager,1,46,2.17%,1.00%,1.18%
PA,American Adjunct Lager,1,47,2.13%,0.78%,1.34%
PA,American Amber / Red Lager,1,47,2.13%,1.14%,0.99%
PA,American Double / Imperial Pilsner,1,47,2.13%,0.07%,2.06%
PA,American Pale Ale (APA),1,47,2.13%,10.89%,-8.76%
PA,American Pale Wheat Ale,1,47,2.13%,4.34%,-2.21%
PA,American Pilsner,1,47,2.13%,1.00%,1.13%
PA,American Stout,1,47,2.13%,1.14%,0.99%
PA,Belgian Pale Ale,1,47,2.13%,0.57%,1.56%
PA,Belgian Strong Pale Ale,1,47,2.13%,0.14%,1.99%
PA,Doppelbock,1,47,2.13%,0.14%,1.99%
PA,English Brown Ale,1,47,2.13%,0.71%,1.42%
PA,German Pilsener,1,47,2.13%,1.21%,0.92%
PA,Grisette,1,47,2.13%,0.07%,2.06%
PA,Hefeweizen,1,47,2.13%,1.92%,0.21%
PA,Light Lager,1,47,2.13%,0.21%,1.91%
PA,Maibock / Helles Bock,1,47,2.13%,0.14%,1.99%
PA,Märzen / Oktoberfest,1,47,2.13%,1.49%,0.63%
PA,Munich Dunkel Lager,1,47,2.13%,0.21%,1.91%
PA,Munich Helles Lager,1,47,2.13%,0.85%,1.27%
PA,Pumpkin Ale,1,47,2.13%,0.78%,1.34%
PA,Witbier,1,47,2.13%,1.71%,0.42%
CO,American Amber / Red Lager,3,146,2.05%,1.14%,0.92%
CO,American Porter,3,146,2.05%,2.78%,-0.72%
CO,American Strong Ale,3,146,2.05%,0.85%,1.20%
CO,Vienna Lager,3,146,2.05%,1.00%,1.06%
MA,American Blonde Ale,1,51,1.96%,4.34%,-2.38%
MA,American Pale Lager,1,51,1.96%,1.14%,0.82%
MA,American White IPA,1,51,1.96%,0.43%,1.53%
MA,English India Pale Ale (IPA),1,51,1.96%,0.50%,1.46%
MA,English Pale Ale,1,51,1.96%,0.36%,1.60%
MA,German Pilsener,1,51,1.96%,1.21%,0.75%
MA,Herbed / Spiced Beer,1,51,1.96%,0.36%,1.60%
MA,Keller Bier / Zwickel Bier,1,51,1.96%,0.21%,1.75%
MA,Other,1,51,1.96%,0.07%,1.89%
MA,Radler,1,51,1.96%,0.21%,1.75%
MA,Rye Beer,1,51,1.96%,0.64%,1.32%
CA,American Brown Ale,2,135,1.48%,2.70%,-1.22%
CA,American Pale Lager,2,135,1.48%,1.14%,0.34%
CA,Czech Pilsener,2,135,1.48%,1.14%,0.34%
CA,Saison / Farmhouse Ale,2,135,1.48%,1.64%,-0.16%
CO,American Black Ale,2,146,1.37%,1.42%,-0.05%
CO,American Blonde Ale,2,146,1.37%,4.34%,-2.97%
CO,American Stout,2,146,1.37%,1.14%,0.23%
CO,American Wild Ale,2,146,1.37%,0.14%,1.23%
CO,Belgian Pale Ale,2,146,1.37%,0.57%,0.80%
CO,Extra Special / Strong Bitter (ESB),2,146,1.37%,1.00%,0.37%
CO,Saison / Farmhouse Ale,2,146,1.37%,1.64%,-0.27%
CO,Scotch Ale / Wee Heavy,2,146,1.37%,0.93%,0.44%
CO,Witbier,2,146,1.37%,1.71%,-0.34%
OR,American Adjunct Lager,1,87,1.15%,0.78%,0.37%
OR,American Black Ale,1,87,1.15%,1.42%,-0.27%
OR,American White IPA,1,87,1.15%,0.43%,0.72%
OR,Euro Dark Lager,1,87,1.15%,0.28%,0.86%
OR,Kölsch,1,87,1.15%,1.92%,-0.77%
OR,Witbier,1,87,1.15%,1.71%,-0.56%
TX,,1,89,1.12%,0.00%,1.12%
TX,Altbier,1,89,1.12%,0.57%,0.55%
TX,American Adjunct Lager,1,89,1.12%,0.78%,0.34%
TX,American Black Ale,1,89,1.12%,1.42%,-0.30%
TX,American Double / Imperial Stout,1,89,1.12%,0.21%,0.91%
TX,American Pale Wheat Ale,1,89,1.12%,4.34%,-3.22%
TX,American Pilsner,1,89,1.12%,1.00%,0.13%
TX,American Porter,1,89,1.12%,2.78%,-1.65%
TX,American Stout,1,89,1.12%,1.14%,-0.02%
TX,Baltic Porter,1,89,1.12%,0.21%,0.91%
TX,Berliner Weissbier,1,89,1.12%,0.36%,0.77%
TX,Bock,1,89,1.12%,0.21%,0.91%
TX,English Bitter,1,89,1.12%,0.21%,0.91%
TX,English Brown Ale,1,89,1.12%,0.71%,0.41%
TX,English India Pale Ale (IPA),1,89,1.12%,0.50%,0.63%
TX,Foreign / Export Stout,1,89,1.12%,0.21%,0.91%
TX,German Pilsener,1,89,1.12%,1.21%,-0.09%
TX,Gose,1,89,1.12%,0.50%,0.63%
TX,Keller Bier / Zwickel Bier,1,89,1.12%,0.21%,0.91%
TX,Light Lager,1,89,1.12%,0.21%,0.91%
TX,Maibock / Helles Bock,1,89,1.12%,0.14%,0.98%
TX,Märzen / Oktoberfest,1,89,1.12%,1.49%,-0.37%
TX,Munich Dunkel Lager,1,89,1.12%,0.21%,0.91%
TX,Munich Helles Lager,1,89,1.12%,0.85%,0.27%
TX,Old Ale,1,89,1.12%,0.07%,1.05%
TX,Smoked Beer,1,89,1.12%,0.07%,1.05%
IN,Altbier,1,91,1.10%,0.57%,0.53%
IN,American Brown Ale,1,91,1.10%,2.70%,-1.61%
IN,American Dark Wheat Ale,1,91,1.10%,0.36%,0.74%
IN,American Stout,1,91,1.10%,1.14%,-0.04%
IN,Belgian IPA,1,91,1.10%,0.21%,0.89%
IN,Belgian Pale Ale,1,91,1.10%,0.57%,0.53%
IN,California Common / Steam Beer,1,91,1.10%,0.14%,0.96%
IN,Cream Ale,1,91,1.10%,1.28%,-0.18%
IN,Dubbel,1,91,1.10%,0.14%,0.96%
IN,English Dark Mild Ale,1,91,1.10%,0.14%,0.96%
IN,English Stout,1,91,1.10%,0.07%,1.03%
IN,English Strong Ale,1,91,1.10%,0.21%,0.89%
IN,Euro Dark Lager,1,91,1.10%,0.28%,0.81%
IN,Extra Special / Strong Bitter (ESB),1,91,1.10%,1.00%,0.10%
IN,Flanders Oud Bruin,1,91,1.10%,0.07%,1.03%
IN,Irish Dry Stout,1,91,1.10%,0.21%,0.89%
IN,Irish Red Ale,1,91,1.10%,0.57%,0.53%
IN,Kölsch,1,91,1.10%,1.92%,-0.82%
IN,Oatmeal Stout,1,91,1.10%,0.78%,0.32%
IN,Quadrupel (Quad),1,91,1.10%,0.07%,1.03%
IN,Rye Beer,1,91,1.10%,0.64%,0.46%
CA,American Amber / Red Lager,1,135,0.74%,1.14%,-0.40%
CA,American Barleywine,1,135,0.74%,0.14%,0.60%
CA,American Double / Imperial Stout,1,135,0.74%,0.21%,0.53%
CA,American Porter,1,135,0.74%,2.78%,-2.04%
CA,American Stout,1,135,0.74%,1.14%,-0.40%
CA,Belgian Dark Ale,1,135,0.74%,0.21%,0.53%
CA,Belgian IPA,1,135,0.74%,0.21%,0.53%
CA,English Brown Ale,1,135,0.74%,0.71%,0.03%
CA,English Strong Ale,1,135,0.74%,0.21%,0.53%
CA,Gose,1,135,0.74%,0.50%,0.24%
CA,Herbed / Spiced Beer,1,135,0.74%,0.36%,0.38%
CA,Munich Helles Lager,1,135,0.74%,0.85%,-0.11%
CA,Scotch Ale / Wee Heavy,1,135,0.74%,0.93%,-0.18%
CA,Vienna Lager,1,135,0.74%,1.00%,-0.26%
CA,Wheat Ale,1,135,0.74%,0.07%,0.67%
CO,Altbier,1,146,0.68%,0.57%,0.12%
CO,American Brown Ale,1,146,0.68%,2.70%,-2.02%
CO,American Double / Imperial Stout,1,146,0.68%,0.21%,0.47%
CO,American Pilsner,1,146,0.68%,1.00%,-0.31%
CO,American White IPA,1,146,0.68%,0.43%,0.26%
CO,Belgian IPA,1,146,0.68%,0.21%,0.47%
CO,Belgian Strong Dark Ale,1,146,0.68%,0.07%,0.61%
CO,Belgian Strong Pale Ale,1,146,0.68%,0.14%,0.54%
CO,English Bitter,1,146,0.68%,0.21%,0.47%
CO,English India Pale Ale (IPA),1,146,0.68%,0.50%,0.19%
CO,Euro Dark Lager,1,146,0.68%,0.28%,0.40%
CO,Fruit / Vegetable Beer,1,146,0.68%,2.14%,-1.45%
CO,German Pilsener,1,146,0.68%,1.21%,-0.53%
CO,Hefeweizen,1,146,0.68%,1.92%,-1.24%
CO,Irish Red Ale,1,146,0.68%,0.57%,0.12%
CO,Märzen / Oktoberfest,1,146,0.68%,1.49%,-0.81%
CO,Munich Dunkel Lager,1,146,0.68%,0.21%,0.47%
CO,Munich Helles Lager,1,146,0.68%,0.85%,-0.17%
CO,Oatmeal Stout,1,146,0.68%,0.78%,-0.10%
CO,Roggenbier,1,146,0.68%,0.07%,0.61%